id_profile,firstName,lastName,username,email,password,dateOfBirth,gender,hometown,location,school,degree,fieldOfStudy,company,position,startDate,about,interests,id_friend,friend_firstName,friend_lastName,friend_username
1,Maëly,Ossulton,Mal123,dossulton0@google.ru,d2WmI1RfJw,1969-08-22,Male,Aţ Ţafīlah,Jordan,Irbid National University,Legal,,Photobean,Developer II,2016-07-01,Grass-roots well-modulated instruction set,Programming;Football,10;2,Solène;Athéna,Aronovitz;Gaize,Aronov;Rome_y_45
2,Athéna,Gaize,Rome_y_45,egaize1@prweb.com,xjRxyB1L,1998-10-28,Female,Santa Cruz da Graciosa,Portugal,Instituto Politécnico de Santarém,Legal,,InnoZ,Marketing Assistant,2020-03-06,Universal client-server migration,Gaming;Football,8;7;4;1,Gisèle;Mylène;Léonore;Maëly,Ivankin;Piegrome;Richly;Ossulton,Ivank;Pierre;Richi;Mal123
3,Clélia,Kilfedder,Fakel,skilfedder2@apple.com,rmpo8bfNd7MT,1984-03-15,Male,Fakel,Russia,Novosibirsk State Music Academy M. Glinka,Legal,,Twinder,Structural Engineer,2015-08-30,Exclusive static function,Basketball,11;6,Göran;Annotée,Van Der Vlies;Iacovuzzi,Karangli;Vozzi
4,Léonore,Richly,Richi,crichly3@netlog.com,jawkVL9XcA7,1961-04-24,Female,Botou,China,Zhengzhou Grain University,Product Management,,Buzzster,Environmental Tech,2020-03-07,Versatile bottom-line portal,Movies;Guitar;Drawing,2,Athéna,Gaize,Rome_y_45
5,Loïca,Eassom,Loic,yeassom4@imgur.com,d57wD2DXzP2T,1966-11-05,Male,Jiangkou,China,Jiangsu University of Science and Technology,Product Management,,Meezzy,Social Worker,2016-01-28,Future-proofed reciprocal workforce,Books,,,,
6,Annotée,Iacovuzzi,Vozzi,miacovuzzi5@exblog.jp,ZMIjPzh1,1970-02-27,Female,Souillac,Mauritius,University of Technology,Human Resources,,Mudo,Senior Cost Accountant,2018-08-16,Fully-configurable background ability,Drums;Work out,12;7;9;3,Mélia;Mylène;Léonore;Clélia,Blount;Piegrome;Chaffyn;Kilfedder,Blount;Pierre;Chap;Fakel
7,Mylène,Piegrome,Pierre,epiegrome6@discuz.net,JDAUqNDfgTp,1967-10-31,Male,Vårby,Sweden,Free University Stockholm,Product Management,,Feedmix,Physical Therapy Assistant,2017-03-02,Synchronised stable approach,Fishing;Football,6;2,Annotée;Athéna,Iacovuzzi;Gaize,Vozzi;Rome_y_45
8,Gisèle,Ivankin,Ivank,oivankin7@youtu.be,Ks8Qt7Fca,1960-05-03,Male,San José de Río Tinto,Honduras,Universidad Tecnológica de Honduras,Product Management,,Bubblemix,Technical Writer,2017-12-14,Progressive 24/7 software,Swim;Skateboard,9;2,Léonore;Athéna,Chaffyn;Gaize,Chap;Rome_y_45
9,Léonore,Chaffyn,Chap,cchaffyn8@nytimes.com,Vnz4h6O,1986-05-15,Female,Pivijay,Colombia,Universidad Católica de Manizales,Engineering,,Fanoodle,Assistant Professor,2016-12-22,Open-architected tangible toolset,Dance;Books,8;6,Gisèle;Annotée,Ivankin;Iacovuzzi,Ivank;Vozzi
10,Solène,Aronovitz,Aronov,maronovitz9@rediff.com,hc6GdLUa5Yxy,1999-01-28,Female,Mamu,China,Heilongjiang University,Accounting,,Innojam,Junior Executive,2019-03-12,Operative uniform task-force,Volleyball;Handball,1,Maëly,Ossulton,Mal123
11,Göran,Van Der Vlies,Karangli,bvandervliesa@adobe.com,y1VILSpzEbZ,1999-08-29,Male,Karanglincak,Indonesia,Universitas Negeri Manado,Sales,,Thoughtstorm,Financial Advisor,2020-03-13,Multi-lateral even-keeled product,Judo,3,Clélia,Kilfedder,Fakel
12,Mélia,Blount,Blount,bblountb@360.cn,L2xLHvSlWV,1992-09-18,Female,Talipan,Philippines,Holy Angel University,Marketing,,Edgetag,Business Systems Development Analyst,2018-12-02,Multi-tiered zero tolerance infrastructure,TV,6,Annotée,Iacovuzzi,Vozzi
